Date,Website,Article_Link,Predicted_Sentiment
2020-12-29 10:58,www.theverge.com,https://www.theverge.com/2020/12/29/22204270/apple-watch-pvt-ultra-security-program-prototype,Positive
2020-12-29 07:25,www.gizmochina.com,https://www.gizmochina.com/2020/12/29/apple-watch-prototype-run-pre-watchos-new-images/,Slightly Positive
2020-12-29 05:25,www.cnet.com,https://www.cnet.com/news/the-biggest-tech-stories-of-a-disastrous-2020/,Neutral
2020-12-29 05:25,mybroadband.co.za,https://mybroadband.co.za/news/technology/381216-apple-shares-reach-all-time-high.html,Positive
2020-12-29 04:25,appleinsider.com,https://appleinsider.com/articles/20/12/29/trump-administration-appeals-court-order-preventing-tiktok-ban,Negative
2020-12-29 03:25,www.slashgear.com,https://www.slashgear.com/apple-watch-prototype-with-working-pre-watchos-1-0-surfaces-28652765/,Neutral
2020-12-29 02:25,www.macrumors.com,https://www.macrumors.com/2020/12/28/apple-wallet-covid-vaccination-record/,Positive
2020-12-29 01:25,9to5mac.com,https://9to5mac.com/2020/12/28/lg-rolling-out-airplay-2-and-homekit-support-for-its-2018-smart-tvs/,Positive
2020-12-29 01:25,www.macrumors.com,https://www.macrumors.com/2020/12/28/homepod-mini-update-adds-18w-charger-support/,Slightly Positive
2020-12-29 00:25,www.macrumors.com,https://www.macrumors.com/2020/12/28/apple-student-mentorship-program/,Positive
2020-12-29 07:10,www.gizmochina.com,https://www.gizmochina.com/2020/12/29/apple-watch-prototype-run-pre-watchos-new-images/,Slightly Positive
2020-12-29 05:10,www.cnet.com,https://www.cnet.com/news/the-biggest-tech-stories-of-a-disastrous-2020/,Neutral
2020-12-29 05:10,mybroadband.co.za,https://mybroadband.co.za/news/technology/381216-apple-shares-reach-all-time-high.html,Positive
2020-12-29 04:10,appleinsider.com,https://appleinsider.com/articles/20/12/29/trump-administration-appeals-court-order-preventing-tiktok-ban,Negative
2020-12-29 03:10,www.slashgear.com,https://www.slashgear.com/apple-watch-prototype-with-working-pre-watchos-1-0-surfaces-28652765/,Neutral
2020-12-29 01:10,9to5mac.com,https://9to5mac.com/2020/12/28/lg-rolling-out-airplay-2-and-homekit-support-for-its-2018-smart-tvs/,Positive
2020-12-29 01:10,www.macrumors.com,https://www.macrumors.com/2020/12/28/homepod-mini-update-adds-18w-charger-support/,Slightly Positive
2020-12-29 00:10,www.macrumors.com,https://www.macrumors.com/2020/12/28/apple-student-mentorship-program/,Positive
2020-12-29 00:10,www.phonearena.com,https://www.phonearena.com/news/homePod-mini-now-supports-18w-charging_id129250,Positive
2020-12-28 23:10,www.cnet.com,https://www.cnet.com/news/the-best-after-christmas-deals-you-can-get-right-now-save-100-on-a-75-inch-roku-tv-60-on-a-apple-watch-series-6-and-more/,Positive
2020-12-29 07:55,www.gizmochina.com,https://www.gizmochina.com/2020/12/29/apple-watch-prototype-run-pre-watchos-new-images/,Slightly Positive
2020-12-29 05:55,mybroadband.co.za,https://mybroadband.co.za/news/technology/381216-apple-shares-reach-all-time-high.html,Positive
2020-12-29 03:55,appleinsider.com,https://appleinsider.com/articles/20/12/29/trump-administration-appeals-court-order-preventing-tiktok-ban,Negative
2020-12-29 03:55,people.com,https://people.com/tech/amazon-after-christmas-apple-deals-2020/,Slightly Positive
2020-12-29 03:55,www.slashgear.com,https://www.slashgear.com/apple-watch-prototype-with-working-pre-watchos-1-0-surfaces-28652765/,Neutral
2020-12-29 00:55,9to5mac.com,https://9to5mac.com/2020/12/28/lg-rolling-out-airplay-2-and-homekit-support-for-its-2018-smart-tvs/,Positive
2020-12-29 00:55,www.macrumors.com,https://www.macrumors.com/2020/12/28/homepod-mini-update-adds-18w-charger-support/,Slightly Positive
2020-12-29 00:55,www.macrumors.com,https://www.macrumors.com/2020/12/28/apple-student-mentorship-program/,Positive
2020-12-28 23:55,www.phonearena.com,https://www.phonearena.com/news/homePod-mini-now-supports-18w-charging_id129250,Positive
2020-12-28 22:55,www.cnet.com,https://www.cnet.com/news/the-best-after-christmas-deals-you-can-get-right-now-save-100-on-a-75-inch-roku-tv-60-on-a-apple-watch-series-6-and-more/,Positive
2020-12-29 07:40,www.gizmochina.com,https://www.gizmochina.com/2020/12/29/apple-watch-prototype-run-pre-watchos-new-images/,Slightly Positive
2020-12-29 03:40,appleinsider.com,https://appleinsider.com/articles/20/12/29/trump-administration-appeals-court-order-preventing-tiktok-ban,Negative
2020-12-29 03:40,people.com,https://people.com/tech/amazon-after-christmas-apple-deals-2020/,Slightly Positive
2020-12-29 03:40,www.slashgear.com,https://www.slashgear.com/apple-watch-prototype-with-working-pre-watchos-1-0-surfaces-28652765/,Neutral
2020-12-29 01:40,9to5mac.com,https://9to5mac.com/2020/12/28/lg-rolling-out-airplay-2-and-homekit-support-for-its-2018-smart-tvs/,Positive
2020-12-29 00:40,www.macrumors.com,https://www.macrumors.com/2020/12/28/homepod-mini-update-adds-18w-charger-support/,Slightly Positive
2020-12-29 00:40,www.macrumors.com,https://www.macrumors.com/2020/12/28/apple-student-mentorship-program/,Positive
2020-12-29 00:40,www.phonearena.com,https://www.phonearena.com/news/homePod-mini-now-supports-18w-charging_id129250,Positive
2020-12-28 23:40,www.cnet.com,https://www.cnet.com/news/the-best-after-christmas-deals-you-can-get-right-now-save-100-on-a-75-inch-roku-tv-60-on-a-apple-watch-series-6-and-more/,Positive
2020-12-28 22:40,9to5mac.com,https://9to5mac.com/2020/12/28/covid-19-vaccination-proof-can-be-added-to-apple-wallet-in-los-angeles/,Slightly Positive
2020-12-29 07:25,www.gizmochina.com,https://www.gizmochina.com/2020/12/29/apple-watch-prototype-run-pre-watchos-new-images/,Slightly Positive
2020-12-29 06:25,www.gizmochina.com,https://www.gizmochina.com/2020/12/29/apple-airpods-max-108k-pure-gold-edition-caviar/,Positive
2020-12-29 04:25,appleinsider.com,https://appleinsider.com/articles/20/12/29/trump-administration-appeals-court-order-preventing-tiktok-ban,Negative
2020-12-29 04:25,people.com,https://people.com/tech/amazon-after-christmas-apple-deals-2020/,Slightly Positive
2020-12-29 03:25,www.slashgear.com,https://www.slashgear.com/apple-watch-prototype-with-working-pre-watchos-1-0-surfaces-28652765/,Neutral
2020-12-29 01:25,9to5mac.com,https://9to5mac.com/2020/12/28/lg-rolling-out-airplay-2-and-homekit-support-for-its-2018-smart-tvs/,Positive
2020-12-29 01:25,www.macrumors.com,https://www.macrumors.com/2020/12/28/homepod-mini-update-adds-18w-charger-support/,Slightly Positive
2020-12-29 00:25,www.macrumors.com,https://www.macrumors.com/2020/12/28/apple-student-mentorship-program/,Positive
2020-12-29 00:25,www.phonearena.com,https://www.phonearena.com/news/homePod-mini-now-supports-18w-charging_id129250,Positive
2020-12-28 23:25,www.cnet.com,https://www.cnet.com/news/the-best-after-christmas-deals-you-can-get-right-now-save-100-on-a-75-inch-roku-tv-60-on-a-apple-watch-series-6-and-more/,Positive
2020-12-29 07:10,www.gizmochina.com,https://www.gizmochina.com/2020/12/29/apple-watch-prototype-run-pre-watchos-new-images/,Slightly Positive
2020-12-29 06:10,www.gizmochina.com,https://www.gizmochina.com/2020/12/29/apple-airpods-max-108k-pure-gold-edition-caviar/,Positive
2020-12-29 04:10,appleinsider.com,https://appleinsider.com/articles/20/12/29/trump-administration-appeals-court-order-preventing-tiktok-ban,Negative
2020-12-29 04:10,people.com,https://people.com/tech/amazon-after-christmas-apple-deals-2020/,Slightly Positive
2020-12-29 03:10,www.slashgear.com,https://www.slashgear.com/apple-watch-prototype-with-working-pre-watchos-1-0-surfaces-28652765/,Neutral
2020-12-29 01:10,9to5mac.com,https://9to5mac.com/2020/12/28/lg-rolling-out-airplay-2-and-homekit-support-for-its-2018-smart-tvs/,Positive
2020-12-29 01:10,www.macrumors.com,https://www.macrumors.com/2020/12/28/homepod-mini-update-adds-18w-charger-support/,Slightly Positive
2020-12-29 00:10,www.macrumors.com,https://www.macrumors.com/2020/12/28/apple-student-mentorship-program/,Positive
2020-12-29 00:10,www.phonearena.com,https://www.phonearena.com/news/homePod-mini-now-supports-18w-charging_id129250,Positive
2020-12-28 23:10,www.cnet.com,https://www.cnet.com/news/the-best-after-christmas-deals-you-can-get-right-now-save-100-on-a-75-inch-roku-tv-60-on-a-apple-watch-series-6-and-more/,Positive
2020-12-29 07:55,www.gizmochina.com,https://www.gizmochina.com/2020/12/29/apple-watch-prototype-run-pre-watchos-new-images/,Slightly Positive
2020-12-29 06:55,www.gizmochina.com,https://www.gizmochina.com/2020/12/29/apple-airpods-max-108k-pure-gold-edition-caviar/,Positive
2020-12-29 03:55,appleinsider.com,https://appleinsider.com/articles/20/12/29/trump-administration-appeals-court-order-preventing-tiktok-ban,Negative
2020-12-29 03:55,people.com,https://people.com/tech/amazon-after-christmas-apple-deals-2020/,Slightly Positive
2020-12-29 03:55,www.slashgear.com,https://www.slashgear.com/apple-watch-prototype-with-working-pre-watchos-1-0-surfaces-28652765/,Neutral
2020-12-29 00:55,9to5mac.com,https://9to5mac.com/2020/12/28/lg-rolling-out-airplay-2-and-homekit-support-for-its-2018-smart-tvs/,Positive
2020-12-29 00:55,www.macrumors.com,https://www.macrumors.com/2020/12/28/homepod-mini-update-adds-18w-charger-support/,Slightly Positive
2020-12-29 00:55,www.macrumors.com,https://www.macrumors.com/2020/12/28/apple-student-mentorship-program/,Positive
2020-12-28 23:55,www.phonearena.com,https://www.phonearena.com/news/homePod-mini-now-supports-18w-charging_id129250,Positive
2020-12-28 22:55,www.cnet.com,https://www.cnet.com/news/the-best-after-christmas-deals-you-can-get-right-now-save-100-on-a-75-inch-roku-tv-60-on-a-apple-watch-series-6-and-more/,Positive
2020-12-29 06:40,www.gizmochina.com,https://www.gizmochina.com/2020/12/29/apple-airpods-max-108k-pure-gold-edition-caviar/,Positive
2020-12-29 03:40,appleinsider.com,https://appleinsider.com/articles/20/12/29/trump-administration-appeals-court-order-preventing-tiktok-ban,Negative
2020-12-29 03:40,www.slashgear.com,https://www.slashgear.com/apple-watch-prototype-with-working-pre-watchos-1-0-surfaces-28652765/,Neutral
2020-12-29 01:40,9to5mac.com,https://9to5mac.com/2020/12/28/lg-rolling-out-airplay-2-and-homekit-support-for-its-2018-smart-tvs/,Positive
2020-12-29 00:40,www.macrumors.com,https://www.macrumors.com/2020/12/28/homepod-mini-update-adds-18w-charger-support/,Slightly Positive
2020-12-29 00:40,www.macrumors.com,https://www.macrumors.com/2020/12/28/apple-student-mentorship-program/,Positive
2020-12-29 00:40,www.phonearena.com,https://www.phonearena.com/news/homePod-mini-now-supports-18w-charging_id129250,Positive
2020-12-28 23:40,www.cnet.com,https://www.cnet.com/news/the-best-after-christmas-deals-you-can-get-right-now-save-100-on-a-75-inch-roku-tv-60-on-a-apple-watch-series-6-and-more/,Positive
2020-12-28 22:40,9to5mac.com,https://9to5mac.com/2020/12/28/covid-19-vaccination-proof-can-be-added-to-apple-wallet-in-los-angeles/,Slightly Positive
2020-12-28 22:40,9to5mac.com,https://9to5mac.com/2020/12/28/how-to-set-up-use-homepod-intercom/,Slightly Positive
2020-12-29 06:25,www.gizmochina.com,https://www.gizmochina.com/2020/12/29/apple-airpods-max-108k-pure-gold-edition-caviar/,Positive
2020-12-29 03:25,www.slashgear.com,https://www.slashgear.com/apple-watch-prototype-with-working-pre-watchos-1-0-surfaces-28652765/,Neutral
2020-12-29 01:25,9to5mac.com,https://9to5mac.com/2020/12/28/lg-rolling-out-airplay-2-and-homekit-support-for-its-2018-smart-tvs/,Positive
2020-12-29 01:25,www.macrumors.com,https://www.macrumors.com/2020/12/28/homepod-mini-update-adds-18w-charger-support/,Slightly Positive
2020-12-29 00:25,www.macrumors.com,https://www.macrumors.com/2020/12/28/apple-student-mentorship-program/,Positive
2020-12-29 00:25,www.phonearena.com,https://www.phonearena.com/news/homePod-mini-now-supports-18w-charging_id129250,Positive
2020-12-28 23:25,www.cnet.com,https://www.cnet.com/news/the-best-after-christmas-deals-you-can-get-right-now-save-100-on-a-75-inch-roku-tv-60-on-a-apple-watch-series-6-and-more/,Positive
2020-12-28 22:25,9to5mac.com,https://9to5mac.com/2020/12/28/covid-19-vaccination-proof-can-be-added-to-apple-wallet-in-los-angeles/,Slightly Positive
2020-12-28 22:25,9to5mac.com,https://9to5mac.com/2020/12/28/how-to-set-up-use-homepod-intercom/,Slightly Positive
2020-12-28 22:25,www.investors.com,https://www.investors.com/market-trend/stock-market-today/dow-jones-futures-stock-market-rally-apple-amazon-google-lead/,Slightly Positive
2020-12-29 06:10,www.gizmochina.com,https://www.gizmochina.com/2020/12/29/apple-airpods-max-108k-pure-gold-edition-caviar/,Positive
2020-12-29 04:10,people.com,https://people.com/tech/amazon-after-christmas-apple-deals-2020/,Slightly Positive
2020-12-29 03:10,www.slashgear.com,https://www.slashgear.com/apple-watch-prototype-with-working-pre-watchos-1-0-surfaces-28652765/,Neutral
2020-12-29 01:10,9to5mac.com,https://9to5mac.com/2020/12/28/lg-rolling-out-airplay-2-and-homekit-support-for-its-2018-smart-tvs/,Positive
2020-12-29 01:10,www.macrumors.com,https://www.macrumors.com/2020/12/28/homepod-mini-update-adds-18w-charger-support/,Slightly Positive
2020-12-29 00:10,www.macrumors.com,https://www.macrumors.com/2020/12/28/apple-student-mentorship-program/,Positive
2020-12-29 00:10,www.phonearena.com,https://www.phonearena.com/news/homePod-mini-now-supports-18w-charging_id129250,Positive
2020-12-28 23:10,www.cnet.com,https://www.cnet.com/news/the-best-after-christmas-deals-you-can-get-right-now-save-100-on-a-75-inch-roku-tv-60-on-a-apple-watch-series-6-and-more/,Positive
2020-12-28 23:10,9to5mac.com,https://9to5mac.com/2020/12/28/covid-19-vaccination-proof-can-be-added-to-apple-wallet-in-los-angeles/,Slightly Positive
2020-12-28 22:10,9to5mac.com,https://9to5mac.com/2020/12/28/how-to-set-up-use-homepod-intercom/,Slightly Positive
2020-12-29 06:55,www.gizmochina.com,https://www.gizmochina.com/2020/12/29/apple-airpods-max-108k-pure-gold-edition-caviar/,Positive
2020-12-29 03:55,people.com,https://people.com/tech/amazon-after-christmas-apple-deals-2020/,Slightly Positive
2020-12-29 00:55,9to5mac.com,https://9to5mac.com/2020/12/28/lg-rolling-out-airplay-2-and-homekit-support-for-its-2018-smart-tvs/,Positive
2020-12-29 00:55,www.macrumors.com,https://www.macrumors.com/2020/12/28/homepod-mini-update-adds-18w-charger-support/,Slightly Positive
2020-12-29 00:55,www.macrumors.com,https://www.macrumors.com/2020/12/28/apple-student-mentorship-program/,Positive
2020-12-28 23:55,www.phonearena.com,https://www.phonearena.com/news/homePod-mini-now-supports-18w-charging_id129250,Positive
2020-12-28 22:55,www.cnet.com,https://www.cnet.com/news/the-best-after-christmas-deals-you-can-get-right-now-save-100-on-a-75-inch-roku-tv-60-on-a-apple-watch-series-6-and-more/,Positive
2020-12-28 22:55,9to5mac.com,https://9to5mac.com/2020/12/28/covid-19-vaccination-proof-can-be-added-to-apple-wallet-in-los-angeles/,Slightly Positive
2020-12-28 22:55,9to5mac.com,https://9to5mac.com/2020/12/28/how-to-set-up-use-homepod-intercom/,Slightly Positive
2020-12-28 22:55,www.investors.com,https://www.investors.com/market-trend/stock-market-today/dow-jones-futures-stock-market-rally-apple-amazon-google-lead/,Slightly Positive
2020-12-29 03:40,people.com,https://people.com/tech/amazon-after-christmas-apple-deals-2020/,Slightly Positive
2020-12-29 01:40,9to5mac.com,https://9to5mac.com/2020/12/28/lg-rolling-out-airplay-2-and-homekit-support-for-its-2018-smart-tvs/,Positive
2020-12-29 00:40,www.macrumors.com,https://www.macrumors.com/2020/12/28/homepod-mini-update-adds-18w-charger-support/,Slightly Positive
2020-12-29 00:40,www.macrumors.com,https://www.macrumors.com/2020/12/28/apple-student-mentorship-program/,Positive
2020-12-29 00:40,www.phonearena.com,https://www.phonearena.com/news/homePod-mini-now-supports-18w-charging_id129250,Positive
2020-12-28 21:40,www.thestreet.com,https://www.thestreet.com/investing/stocks-rise-as-trump-signs-covid-19-spending-bill,Slightly Positive
2020-12-28 23:40,www.cnet.com,https://www.cnet.com/news/the-best-after-christmas-deals-you-can-get-right-now-save-100-on-a-75-inch-roku-tv-60-on-a-apple-watch-series-6-and-more/,Positive
2020-12-28 22:40,9to5mac.com,https://9to5mac.com/2020/12/28/covid-19-vaccination-proof-can-be-added-to-apple-wallet-in-los-angeles/,Slightly Positive
2020-12-28 22:40,9to5mac.com,https://9to5mac.com/2020/12/28/how-to-set-up-use-homepod-intercom/,Slightly Positive
2020-12-28 22:40,www.investors.com,https://www.investors.com/market-trend/stock-market-today/dow-jones-futures-stock-market-rally-apple-amazon-google-lead/,Slightly Positive
2020-12-29 01:25,9to5mac.com,https://9to5mac.com/2020/12/28/lg-rolling-out-airplay-2-and-homekit-support-for-its-2018-smart-tvs/,Positive
2020-12-29 01:25,www.macrumors.com,https://www.macrumors.com/2020/12/28/homepod-mini-update-adds-18w-charger-support/,Slightly Positive
2020-12-29 00:25,www.macrumors.com,https://www.macrumors.com/2020/12/28/apple-student-mentorship-program/,Positive
2020-12-29 00:25,www.phonearena.com,https://www.phonearena.com/news/homePod-mini-now-supports-18w-charging_id129250,Positive
2020-12-28 21:25,www.thestreet.com,https://www.thestreet.com/investing/stocks-rise-as-trump-signs-covid-19-spending-bill,Slightly Positive
2020-12-28 23:25,www.cnet.com,https://www.cnet.com/news/the-best-after-christmas-deals-you-can-get-right-now-save-100-on-a-75-inch-roku-tv-60-on-a-apple-watch-series-6-and-more/,Positive
2020-12-28 22:25,9to5mac.com,https://9to5mac.com/2020/12/28/covid-19-vaccination-proof-can-be-added-to-apple-wallet-in-los-angeles/,Slightly Positive
2020-12-28 22:25,9to5mac.com,https://9to5mac.com/2020/12/28/how-to-set-up-use-homepod-intercom/,Slightly Positive
2020-12-28 22:25,www.investors.com,https://www.investors.com/market-trend/stock-market-today/dow-jones-futures-stock-market-rally-apple-amazon-google-lead/,Slightly Positive
2020-12-29 01:10,9to5mac.com,https://9to5mac.com/2020/12/28/lg-rolling-out-airplay-2-and-homekit-support-for-its-2018-smart-tvs/,Positive
2020-12-29 01:10,www.macrumors.com,https://www.macrumors.com/2020/12/28/homepod-mini-update-adds-18w-charger-support/,Slightly Positive
2020-12-29 00:10,www.macrumors.com,https://www.macrumors.com/2020/12/28/apple-student-mentorship-program/,Positive
2020-12-29 00:10,www.phonearena.com,https://www.phonearena.com/news/homePod-mini-now-supports-18w-charging_id129250,Positive
2020-12-28 22:10,www.thestreet.com,https://www.thestreet.com/investing/stocks-rise-as-trump-signs-covid-19-spending-bill,Slightly Positive
2020-12-28 23:10,www.cnet.com,https://www.cnet.com/news/the-best-after-christmas-deals-you-can-get-right-now-save-100-on-a-75-inch-roku-tv-60-on-a-apple-watch-series-6-and-more/,Positive
2020-12-28 23:10,9to5mac.com,https://9to5mac.com/2020/12/28/covid-19-vaccination-proof-can-be-added-to-apple-wallet-in-los-angeles/,Slightly Positive
2020-12-28 22:10,9to5mac.com,https://9to5mac.com/2020/12/28/how-to-set-up-use-homepod-intercom/,Slightly Positive
2020-12-28 22:10,www.investors.com,https://www.investors.com/market-trend/stock-market-today/dow-jones-futures-stock-market-rally-apple-amazon-google-lead/,Slightly Positive
2020-12-29 00:55,9to5mac.com,https://9to5mac.com/2020/12/28/lg-rolling-out-airplay-2-and-homekit-support-for-its-2018-smart-tvs/,Positive
2020-12-29 00:55,www.macrumors.com,https://www.macrumors.com/2020/12/28/homepod-mini-update-adds-18w-charger-support/,Slightly Positive
2020-12-29 00:55,www.macrumors.com,https://www.macrumors.com/2020/12/28/apple-student-mentorship-program/,Positive
2020-12-28 23:55,www.phonearena.com,https://www.phonearena.com/news/homePod-mini-now-supports-18w-charging_id129250,Positive
2020-12-28 21:55,www.thestreet.com,https://www.thestreet.com/investing/stocks-rise-as-trump-signs-covid-19-spending-bill,Slightly Positive
2020-12-28 22:55,www.cnet.com,https://www.cnet.com/news/the-best-after-christmas-deals-you-can-get-right-now-save-100-on-a-75-inch-roku-tv-60-on-a-apple-watch-series-6-and-more/,Positive
2020-12-28 22:55,9to5mac.com,https://9to5mac.com/2020/12/28/covid-19-vaccination-proof-can-be-added-to-apple-wallet-in-los-angeles/,Slightly Positive
2020-12-28 22:55,9to5mac.com,https://9to5mac.com/2020/12/28/how-to-set-up-use-homepod-intercom/,Slightly Positive
2020-12-28 22:55,www.investors.com,https://www.investors.com/market-trend/stock-market-today/dow-jones-futures-stock-market-rally-apple-amazon-google-lead/,Slightly Positive
2020-12-29 01:40,9to5mac.com,https://9to5mac.com/2020/12/28/lg-rolling-out-airplay-2-and-homekit-support-for-its-2018-smart-tvs/,Positive
2020-12-29 00:40,www.macrumors.com,https://www.macrumors.com/2020/12/28/homepod-mini-update-adds-18w-charger-support/,Slightly Positive
2020-12-29 00:40,www.macrumors.com,https://www.macrumors.com/2020/12/28/apple-student-mentorship-program/,Positive
2020-12-29 00:40,www.phonearena.com,https://www.phonearena.com/news/homePod-mini-now-supports-18w-charging_id129250,Positive
2020-12-28 23:40,www.cnet.com,https://www.cnet.com/news/the-best-after-christmas-deals-you-can-get-right-now-save-100-on-a-75-inch-roku-tv-60-on-a-apple-watch-series-6-and-more/,Positive
2020-12-28 21:40,www.thestreet.com,https://www.thestreet.com/investing/stocks-rise-as-trump-signs-covid-19-spending-bill,Slightly Positive
2020-12-28 22:40,9to5mac.com,https://9to5mac.com/2020/12/28/covid-19-vaccination-proof-can-be-added-to-apple-wallet-in-los-angeles/,Slightly Positive
2020-12-28 22:40,9to5mac.com,https://9to5mac.com/2020/12/28/how-to-set-up-use-homepod-intercom/,Slightly Positive
2020-12-28 22:40,www.investors.com,https://www.investors.com/market-trend/stock-market-today/dow-jones-futures-stock-market-rally-apple-amazon-google-lead/,Slightly Positive
2020-12-29 01:25,9to5mac.com,https://9to5mac.com/2020/12/28/lg-rolling-out-airplay-2-and-homekit-support-for-its-2018-smart-tvs/,Positive
2020-12-29 01:25,www.macrumors.com,https://www.macrumors.com/2020/12/28/homepod-mini-update-adds-18w-charger-support/,Slightly Positive
2020-12-29 00:25,www.macrumors.com,https://www.macrumors.com/2020/12/28/apple-student-mentorship-program/,Positive
2020-12-29 00:25,www.phonearena.com,https://www.phonearena.com/news/homePod-mini-now-supports-18w-charging_id129250,Positive
2020-12-28 23:25,www.cnet.com,https://www.cnet.com/news/the-best-after-christmas-deals-you-can-get-right-now-save-100-on-a-75-inch-roku-tv-60-on-a-apple-watch-series-6-and-more/,Positive
2020-12-28 21:25,www.thestreet.com,https://www.thestreet.com/investing/stocks-rise-as-trump-signs-covid-19-spending-bill,Slightly Positive
2020-12-28 22:25,9to5mac.com,https://9to5mac.com/2020/12/28/covid-19-vaccination-proof-can-be-added-to-apple-wallet-in-los-angeles/,Slightly Positive
2020-12-28 22:25,www.investors.com,https://www.investors.com/market-trend/stock-market-today/dow-jones-futures-stock-market-rally-apple-amazon-google-lead/,Slightly Positive
2020-12-28 22:25,www.marketwatch.com,https://www.marketwatch.com/story/apple-inc-stock-outperforms-competitors-on-strong-trading-day-01609191042-c5c565fc4c05,Positive
2020-12-29 01:10,9to5mac.com,https://9to5mac.com/2020/12/28/lg-rolling-out-airplay-2-and-homekit-support-for-its-2018-smart-tvs/,Positive
2020-12-29 01:10,www.macrumors.com,https://www.macrumors.com/2020/12/28/homepod-mini-update-adds-18w-charger-support/,Slightly Positive
2020-12-29 00:10,www.macrumors.com,https://www.macrumors.com/2020/12/28/apple-student-mentorship-program/,Positive
2020-12-28 23:10,www.cnet.com,https://www.cnet.com/news/the-best-after-christmas-deals-you-can-get-right-now-save-100-on-a-75-inch-roku-tv-60-on-a-apple-watch-series-6-and-more/,Positive
2020-12-28 23:10,9to5mac.com,https://9to5mac.com/2020/12/28/covid-19-vaccination-proof-can-be-added-to-apple-wallet-in-los-angeles/,Slightly Positive
2020-12-28 22:10,www.thestreet.com,https://www.thestreet.com/investing/stocks-rise-as-trump-signs-covid-19-spending-bill,Slightly Positive
2020-12-28 22:10,www.investors.com,https://www.investors.com/market-trend/stock-market-today/dow-jones-futures-stock-market-rally-apple-amazon-google-lead/,Slightly Positive
2020-12-28 22:10,www.marketwatch.com,https://www.marketwatch.com/story/apple-inc-stock-outperforms-competitors-on-strong-trading-day-01609191042-c5c565fc4c05,Positive
2020-12-28 22:10,finance.yahoo.com,https://finance.yahoo.com/news/apple-leads-big-tech-stocks-164508492.html,Strongly Positive
2020-12-29 00:55,www.macrumors.com,https://www.macrumors.com/2020/12/28/homepod-mini-update-adds-18w-charger-support/,Slightly Positive
2020-12-29 00:55,www.macrumors.com,https://www.macrumors.com/2020/12/28/apple-student-mentorship-program/,Positive
2020-12-28 22:55,www.cnet.com,https://www.cnet.com/news/the-best-after-christmas-deals-you-can-get-right-now-save-100-on-a-75-inch-roku-tv-60-on-a-apple-watch-series-6-and-more/,Positive
2020-12-28 22:55,9to5mac.com,https://9to5mac.com/2020/12/28/covid-19-vaccination-proof-can-be-added-to-apple-wallet-in-los-angeles/,Slightly Positive
2020-12-28 22:55,www.investors.com,https://www.investors.com/market-trend/stock-market-today/dow-jones-futures-stock-market-rally-apple-amazon-google-lead/,Slightly Positive
2020-12-28 21:55,www.thestreet.com,https://www.thestreet.com/investing/stocks-rise-as-trump-signs-covid-19-spending-bill,Slightly Positive
2020-12-28 21:55,www.marketwatch.com,https://www.marketwatch.com/story/apple-inc-stock-outperforms-competitors-on-strong-trading-day-01609191042-c5c565fc4c05,Positive
2020-12-28 21:55,9to5mac.com,https://9to5mac.com/2020/12/28/best-apple-watch-apps-2/,Slightly Positive
2020-12-28 20:55,9to5mac.com,https://9to5mac.com/2020/12/28/9to5mac-daily-december-28-2020/,Positive
2020-12-29 00:40,www.macrumors.com,https://www.macrumors.com/2020/12/28/homepod-mini-update-adds-18w-charger-support/,Slightly Positive
2020-12-29 00:40,www.macrumors.com,https://www.macrumors.com/2020/12/28/apple-student-mentorship-program/,Positive
2020-12-28 23:40,www.cnet.com,https://www.cnet.com/news/the-best-after-christmas-deals-you-can-get-right-now-save-100-on-a-75-inch-roku-tv-60-on-a-apple-watch-series-6-and-more/,Positive
2020-12-28 22:40,9to5mac.com,https://9to5mac.com/2020/12/28/covid-19-vaccination-proof-can-be-added-to-apple-wallet-in-los-angeles/,Slightly Positive
2020-12-28 22:40,www.investors.com,https://www.investors.com/market-trend/stock-market-today/dow-jones-futures-stock-market-rally-apple-amazon-google-lead/,Slightly Positive
2020-12-28 21:40,www.thestreet.com,https://www.thestreet.com/investing/stocks-rise-as-trump-signs-covid-19-spending-bill,Slightly Positive
2020-12-28 21:40,www.marketwatch.com,https://www.marketwatch.com/story/apple-inc-stock-outperforms-competitors-on-strong-trading-day-01609191042-c5c565fc4c05,Positive
2020-12-28 21:40,finance.yahoo.com,https://finance.yahoo.com/news/apple-leads-big-tech-stocks-164508492.html,Strongly Positive
2020-12-28 21:40,9to5mac.com,https://9to5mac.com/2020/12/28/best-apple-watch-apps-2/,Slightly Positive
2020-12-29 01:25,www.macrumors.com,https://www.macrumors.com/2020/12/28/homepod-mini-update-adds-18w-charger-support/,Slightly Positive
2020-12-29 00:25,www.macrumors.com,https://www.macrumors.com/2020/12/28/apple-student-mentorship-program/,Positive
2020-12-28 23:25,www.cnet.com,https://www.cnet.com/news/the-best-after-christmas-deals-you-can-get-right-now-save-100-on-a-75-inch-roku-tv-60-on-a-apple-watch-series-6-and-more/,Positive
2020-12-28 22:25,9to5mac.com,https://9to5mac.com/2020/12/28/covid-19-vaccination-proof-can-be-added-to-apple-wallet-in-los-angeles/,Slightly Positive
2020-12-28 22:25,www.investors.com,https://www.investors.com/market-trend/stock-market-today/dow-jones-futures-stock-market-rally-apple-amazon-google-lead/,Slightly Positive
2020-12-28 22:25,www.marketwatch.com,https://www.marketwatch.com/story/apple-inc-stock-outperforms-competitors-on-strong-trading-day-01609191042-c5c565fc4c05,Positive
2020-12-28 22:25,finance.yahoo.com,https://finance.yahoo.com/news/apple-leads-big-tech-stocks-164508492.html,Strongly Positive
2020-12-28 22:25,9to5mac.com,https://9to5mac.com/2020/12/28/best-apple-watch-apps-2/,Slightly Positive
2020-12-28 21:25,www.thestreet.com,https://www.thestreet.com/investing/stocks-rise-as-trump-signs-covid-19-spending-bill,Slightly Positive
2020-12-29 01:10,www.macrumors.com,https://www.macrumors.com/2020/12/28/homepod-mini-update-adds-18w-charger-support/,Slightly Positive
2020-12-29 00:10,www.macrumors.com,https://www.macrumors.com/2020/12/28/apple-student-mentorship-program/,Positive
2020-12-28 23:10,www.cnet.com,https://www.cnet.com/news/the-best-after-christmas-deals-you-can-get-right-now-save-100-on-a-75-inch-roku-tv-60-on-a-apple-watch-series-6-and-more/,Positive
2020-12-28 23:10,9to5mac.com,https://9to5mac.com/2020/12/28/covid-19-vaccination-proof-can-be-added-to-apple-wallet-in-los-angeles/,Slightly Positive
2020-12-28 22:10,www.investors.com,https://www.investors.com/market-trend/stock-market-today/dow-jones-futures-stock-market-rally-apple-amazon-google-lead/,Slightly Positive
2020-12-28 22:10,www.marketwatch.com,https://www.marketwatch.com/story/apple-inc-stock-outperforms-competitors-on-strong-trading-day-01609191042-c5c565fc4c05,Positive
2020-12-28 22:10,9to5mac.com,https://9to5mac.com/2020/12/28/best-apple-watch-apps-2/,Slightly Positive
2020-12-28 22:10,www.thestreet.com,https://www.thestreet.com/investing/stocks-rise-as-trump-signs-covid-19-spending-bill,Slightly Positive
2020-12-28 21:10,9to5mac.com,https://9to5mac.com/2020/12/28/9to5mac-daily-december-28-2020/,Positive
2020-12-29 00:55,www.macrumors.com,https://www.macrumors.com/2020/12/28/homepod-mini-update-adds-18w-charger-support/,Slightly Positive
2020-12-29 00:55,www.macrumors.com,https://www.macrumors.com/2020/12/28/apple-student-mentorship-program/,Positive
2020-12-28 22:55,www.cnet.com,https://www.cnet.com/news/the-best-after-christmas-deals-you-can-get-right-now-save-100-on-a-75-inch-roku-tv-60-on-a-apple-watch-series-6-and-more/,Positive
2020-12-28 22:55,9to5mac.com,https://9to5mac.com/2020/12/28/covid-19-vaccination-proof-can-be-added-to-apple-wallet-in-los-angeles/,Slightly Positive
2020-12-28 22:55,www.investors.com,https://www.investors.com/market-trend/stock-market-today/dow-jones-futures-stock-market-rally-apple-amazon-google-lead/,Slightly Positive
2020-12-28 21:55,www.marketwatch.com,https://www.marketwatch.com/story/apple-inc-stock-outperforms-competitors-on-strong-trading-day-01609191042-c5c565fc4c05,Positive
2020-12-28 21:55,finance.yahoo.com,https://finance.yahoo.com/news/apple-leads-big-tech-stocks-164508492.html,Strongly Positive
2020-12-28 21:55,www.thestreet.com,https://www.thestreet.com/investing/stocks-rise-as-trump-signs-covid-19-spending-bill,Slightly Positive
2020-12-28 21:55,9to5mac.com,https://9to5mac.com/2020/12/28/best-apple-watch-apps-2/,Slightly Positive
2020-12-29 00:40,www.macrumors.com,https://www.macrumors.com/2020/12/28/homepod-mini-update-adds-18w-charger-support/,Slightly Positive
2020-12-29 00:40,www.macrumors.com,https://www.macrumors.com/2020/12/28/apple-student-mentorship-program/,Positive
2020-12-28 23:40,www.cnet.com,https://www.cnet.com/news/the-best-after-christmas-deals-you-can-get-right-now-save-100-on-a-75-inch-roku-tv-60-on-a-apple-watch-series-6-and-more/,Positive
2020-12-28 22:40,9to5mac.com,https://9to5mac.com/2020/12/28/covid-19-vaccination-proof-can-be-added-to-apple-wallet-in-los-angeles/,Slightly Positive
2020-12-28 22:40,www.investors.com,https://www.investors.com/market-trend/stock-market-today/dow-jones-futures-stock-market-rally-apple-amazon-google-lead/,Slightly Positive
2020-12-28 21:40,www.marketwatch.com,https://www.marketwatch.com/story/apple-inc-stock-outperforms-competitors-on-strong-trading-day-01609191042-c5c565fc4c05,Positive
2020-12-28 21:40,finance.yahoo.com,https://finance.yahoo.com/news/apple-leads-big-tech-stocks-164508492.html,Strongly Positive
2020-12-28 21:40,www.thestreet.com,https://www.thestreet.com/investing/stocks-rise-as-trump-signs-covid-19-spending-bill,Slightly Positive
2020-12-28 21:40,9to5mac.com,https://9to5mac.com/2020/12/28/best-apple-watch-apps-2/,Slightly Positive
2020-12-29 01:25,www.macrumors.com,https://www.macrumors.com/2020/12/28/homepod-mini-update-adds-18w-charger-support/,Slightly Positive
2020-12-29 00:25,www.macrumors.com,https://www.macrumors.com/2020/12/28/apple-student-mentorship-program/,Positive
2020-12-28 23:25,www.cnet.com,https://www.cnet.com/news/the-best-after-christmas-deals-you-can-get-right-now-save-100-on-a-75-inch-roku-tv-60-on-a-apple-watch-series-6-and-more/,Positive
2020-12-28 22:25,9to5mac.com,https://9to5mac.com/2020/12/28/covid-19-vaccination-proof-can-be-added-to-apple-wallet-in-los-angeles/,Slightly Positive
2020-12-28 22:25,www.investors.com,https://www.investors.com/market-trend/stock-market-today/dow-jones-futures-stock-market-rally-apple-amazon-google-lead/,Slightly Positive
2020-12-28 22:25,www.marketwatch.com,https://www.marketwatch.com/story/apple-inc-stock-outperforms-competitors-on-strong-trading-day-01609191042-c5c565fc4c05,Positive
2020-12-28 21:25,www.thestreet.com,https://www.thestreet.com/investing/stocks-rise-as-trump-signs-covid-19-spending-bill,Slightly Positive
2020-12-28 21:25,9to5mac.com,https://9to5mac.com/2020/12/28/best-apple-watch-apps-2/,Slightly Positive
2020-12-28 21:25,9to5mac.com,https://9to5mac.com/2020/12/28/9to5mac-daily-december-28-2020/,Positive
2020-12-29 01:10,www.macrumors.com,https://www.macrumors.com/2020/12/28/homepod-mini-update-adds-18w-charger-support/,Slightly Positive
2020-12-29 00:10,www.macrumors.com,https://www.macrumors.com/2020/12/28/apple-student-mentorship-program/,Positive
2020-12-28 23:10,www.cnet.com,https://www.cnet.com/news/the-best-after-christmas-deals-you-can-get-right-now-save-100-on-a-75-inch-roku-tv-60-on-a-apple-watch-series-6-and-more/,Positive
2020-12-28 23:10,9to5mac.com,https://9to5mac.com/2020/12/28/covid-19-vaccination-proof-can-be-added-to-apple-wallet-in-los-angeles/,Slightly Positive
2020-12-28 22:10,www.investors.com,https://www.investors.com/market-trend/stock-market-today/dow-jones-futures-stock-market-rally-apple-amazon-google-lead/,Slightly Positive
2020-12-28 22:10,www.marketwatch.com,https://www.marketwatch.com/story/apple-inc-stock-outperforms-competitors-on-strong-trading-day-01609191042-c5c565fc4c05,Positive
2020-12-28 22:10,finance.yahoo.com,https://finance.yahoo.com/news/apple-leads-big-tech-stocks-164508492.html,Strongly Positive
2020-12-28 22:10,www.thestreet.com,https://www.thestreet.com/investing/stocks-rise-as-trump-signs-covid-19-spending-bill,Slightly Positive
2020-12-28 22:10,9to5mac.com,https://9to5mac.com/2020/12/28/best-apple-watch-apps-2/,Slightly Positive
2020-12-29 00:55,www.macrumors.com,https://www.macrumors.com/2020/12/28/homepod-mini-update-adds-18w-charger-support/,Slightly Positive
2020-12-29 00:55,www.macrumors.com,https://www.macrumors.com/2020/12/28/apple-student-mentorship-program/,Positive
2020-12-28 22:55,www.cnet.com,https://www.cnet.com/news/the-best-after-christmas-deals-you-can-get-right-now-save-100-on-a-75-inch-roku-tv-60-on-a-apple-watch-series-6-and-more/,Positive
2020-12-28 22:55,9to5mac.com,https://9to5mac.com/2020/12/28/covid-19-vaccination-proof-can-be-added-to-apple-wallet-in-los-angeles/,Slightly Positive
2020-12-28 22:55,www.investors.com,https://www.investors.com/market-trend/stock-market-today/dow-jones-futures-stock-market-rally-apple-amazon-google-lead/,Slightly Positive
2020-12-28 21:55,www.marketwatch.com,https://www.marketwatch.com/story/apple-inc-stock-outperforms-competitors-on-strong-trading-day-01609191042-c5c565fc4c05,Positive
2020-12-28 21:55,finance.yahoo.com,https://finance.yahoo.com/news/apple-leads-big-tech-stocks-164508492.html,Strongly Positive
2020-12-28 21:55,www.thestreet.com,https://www.thestreet.com/investing/stocks-rise-as-trump-signs-covid-19-spending-bill,Slightly Positive
2020-12-28 21:55,9to5mac.com,https://9to5mac.com/2020/12/28/best-apple-watch-apps-2/,Slightly Positive
2020-12-29 00:40,www.macrumors.com,https://www.macrumors.com/2020/12/28/homepod-mini-update-adds-18w-charger-support/,Slightly Positive
2020-12-29 00:40,www.macrumors.com,https://www.macrumors.com/2020/12/28/apple-student-mentorship-program/,Positive
2020-12-28 23:40,www.cnet.com,https://www.cnet.com/news/the-best-after-christmas-deals-you-can-get-right-now-save-100-on-a-75-inch-roku-tv-60-on-a-apple-watch-series-6-and-more/,Positive
2020-12-28 22:40,9to5mac.com,https://9to5mac.com/2020/12/28/covid-19-vaccination-proof-can-be-added-to-apple-wallet-in-los-angeles/,Slightly Positive
2020-12-28 22:40,www.investors.com,https://www.investors.com/market-trend/stock-market-today/dow-jones-futures-stock-market-rally-apple-amazon-google-lead/,Slightly Positive
2020-12-28 21:40,www.marketwatch.com,https://www.marketwatch.com/story/apple-inc-stock-outperforms-competitors-on-strong-trading-day-01609191042-c5c565fc4c05,Positive
2020-12-28 21:40,finance.yahoo.com,https://finance.yahoo.com/news/apple-leads-big-tech-stocks-164508492.html,Strongly Positive
2020-12-28 21:40,www.thestreet.com,https://www.thestreet.com/investing/stocks-rise-as-trump-signs-covid-19-spending-bill,Slightly Positive
2020-12-28 21:40,9to5mac.com,https://9to5mac.com/2020/12/28/best-apple-watch-apps-2/,Slightly Positive
2020-12-29 00:25,www.macrumors.com,https://www.macrumors.com/2020/12/28/apple-student-mentorship-program/,Positive
2020-12-28 23:25,www.cnet.com,https://www.cnet.com/news/the-best-after-christmas-deals-you-can-get-right-now-save-100-on-a-75-inch-roku-tv-60-on-a-apple-watch-series-6-and-more/,Positive
2020-12-28 22:25,9to5mac.com,https://9to5mac.com/2020/12/28/covid-19-vaccination-proof-can-be-added-to-apple-wallet-in-los-angeles/,Slightly Positive
2020-12-28 22:25,www.investors.com,https://www.investors.com/market-trend/stock-market-today/dow-jones-futures-stock-market-rally-apple-amazon-google-lead/,Slightly Positive
2020-12-28 22:25,www.marketwatch.com,https://www.marketwatch.com/story/apple-inc-stock-outperforms-competitors-on-strong-trading-day-01609191042-c5c565fc4c05,Positive
2020-12-28 22:25,finance.yahoo.com,https://finance.yahoo.com/news/apple-leads-big-tech-stocks-164508492.html,Strongly Positive
2020-12-28 21:25,www.thestreet.com,https://www.thestreet.com/investing/stocks-rise-as-trump-signs-covid-19-spending-bill,Slightly Positive
2020-12-28 21:25,9to5mac.com,https://9to5mac.com/2020/12/28/best-apple-watch-apps-2/,Slightly Positive
2020-12-28 21:25,9to5mac.com,https://9to5mac.com/2020/12/28/9to5mac-daily-december-28-2020/,Positive
2020-12-29 00:10,www.macrumors.com,https://www.macrumors.com/2020/12/28/apple-student-mentorship-program/,Positive
2020-12-28 23:10,www.cnet.com,https://www.cnet.com/news/the-best-after-christmas-deals-you-can-get-right-now-save-100-on-a-75-inch-roku-tv-60-on-a-apple-watch-series-6-and-more/,Positive
2020-12-28 23:10,9to5mac.com,https://9to5mac.com/2020/12/28/covid-19-vaccination-proof-can-be-added-to-apple-wallet-in-los-angeles/,Slightly Positive
2020-12-28 22:10,www.investors.com,https://www.investors.com/market-trend/stock-market-today/dow-jones-futures-stock-market-rally-apple-amazon-google-lead/,Slightly Positive
2020-12-28 22:10,www.marketwatch.com,https://www.marketwatch.com/story/apple-inc-stock-outperforms-competitors-on-strong-trading-day-01609191042-c5c565fc4c05,Positive
2020-12-28 22:10,finance.yahoo.com,https://finance.yahoo.com/news/apple-leads-big-tech-stocks-164508492.html,Strongly Positive
2020-12-28 22:10,www.thestreet.com,https://www.thestreet.com/investing/stocks-rise-as-trump-signs-covid-19-spending-bill,Slightly Positive
2020-12-28 22:10,9to5mac.com,https://9to5mac.com/2020/12/28/best-apple-watch-apps-2/,Slightly Positive
2020-12-28 21:10,9to5mac.com,https://9to5mac.com/2020/12/28/9to5mac-daily-december-28-2020/,Positive
2020-12-29 00:55,www.macrumors.com,https://www.macrumors.com/2020/12/28/homepod-mini-update-adds-18w-charger-support/,Slightly Positive
2020-12-29 00:55,www.macrumors.com,https://www.macrumors.com/2020/12/28/apple-student-mentorship-program/,Positive
2020-12-28 22:55,www.cnet.com,https://www.cnet.com/news/the-best-after-christmas-deals-you-can-get-right-now-save-100-on-a-75-inch-roku-tv-60-on-a-apple-watch-series-6-and-more/,Positive
2020-12-28 22:55,9to5mac.com,https://9to5mac.com/2020/12/28/covid-19-vaccination-proof-can-be-added-to-apple-wallet-in-los-angeles/,Slightly Positive
2020-12-28 22:55,www.investors.com,https://www.investors.com/market-trend/stock-market-today/dow-jones-futures-stock-market-rally-apple-amazon-google-lead/,Slightly Positive
2020-12-28 21:55,www.marketwatch.com,https://www.marketwatch.com/story/apple-inc-stock-outperforms-competitors-on-strong-trading-day-01609191042-c5c565fc4c05,Positive
2020-12-28 21:55,finance.yahoo.com,https://finance.yahoo.com/news/apple-leads-big-tech-stocks-164508492.html,Strongly Positive
2020-12-28 21:55,www.thestreet.com,https://www.thestreet.com/investing/stocks-rise-as-trump-signs-covid-19-spending-bill,Slightly Positive
2020-12-28 21:55,9to5mac.com,https://9to5mac.com/2020/12/28/best-apple-watch-apps-2/,Slightly Positive
2020-12-29 00:40,www.macrumors.com,https://www.macrumors.com/2020/12/28/homepod-mini-update-adds-18w-charger-support/,Slightly Positive
2020-12-29 00:40,www.macrumors.com,https://www.macrumors.com/2020/12/28/apple-student-mentorship-program/,Positive
2020-12-28 23:40,www.cnet.com,https://www.cnet.com/news/the-best-after-christmas-deals-you-can-get-right-now-save-100-on-a-75-inch-roku-tv-60-on-a-apple-watch-series-6-and-more/,Positive
2020-12-28 22:40,9to5mac.com,https://9to5mac.com/2020/12/28/covid-19-vaccination-proof-can-be-added-to-apple-wallet-in-los-angeles/,Slightly Positive
2020-12-28 22:40,www.investors.com,https://www.investors.com/market-trend/stock-market-today/dow-jones-futures-stock-market-rally-apple-amazon-google-lead/,Slightly Positive
2020-12-28 22:40,bgr.com,https://bgr.com/2020/12/28/apple-ipad-new-release-2021-mini-led/,Slightly Positive
2020-12-28 21:40,www.marketwatch.com,https://www.marketwatch.com/story/apple-inc-stock-outperforms-competitors-on-strong-trading-day-01609191042-c5c565fc4c05,Positive
2020-12-28 21:40,finance.yahoo.com,https://finance.yahoo.com/news/apple-leads-big-tech-stocks-164508492.html,Strongly Positive
2020-12-28 21:40,www.thestreet.com,https://www.thestreet.com/investing/stocks-rise-as-trump-signs-covid-19-spending-bill,Slightly Positive
2020-12-29 01:25,www.macrumors.com,https://www.macrumors.com/2020/12/28/homepod-mini-update-adds-18w-charger-support/,Slightly Positive
2020-12-29 00:25,www.macrumors.com,https://www.macrumors.com/2020/12/28/apple-student-mentorship-program/,Positive
2020-12-28 23:25,www.cnet.com,https://www.cnet.com/news/the-best-after-christmas-deals-you-can-get-right-now-save-100-on-a-75-inch-roku-tv-60-on-a-apple-watch-series-6-and-more/,Positive
2020-12-28 22:25,9to5mac.com,https://9to5mac.com/2020/12/28/covid-19-vaccination-proof-can-be-added-to-apple-wallet-in-los-angeles/,Slightly Positive
2020-12-28 22:25,www.thestreet.com,https://www.thestreet.com/investing/best-stocks-in-the-dow-on-monday-apple-disney-visa-goldman,Positive
2020-12-28 22:25,www.investors.com,https://www.investors.com/market-trend/stock-market-today/dow-jones-futures-stock-market-rally-apple-amazon-google-lead/,Slightly Positive
2020-12-28 22:25,bgr.com,https://bgr.com/2020/12/28/apple-ipad-new-release-2021-mini-led/,Slightly Positive
2020-12-28 22:25,finance.yahoo.com,https://finance.yahoo.com/news/apple-leads-big-tech-stocks-164508492.html,Strongly Positive
2020-12-28 22:25,www.marketwatch.com,https://www.marketwatch.com/story/apple-inc-stock-outperforms-competitors-on-strong-trading-day-01609191042-c5c565fc4c05,Positive
2020-12-29 00:10,www.macrumors.com,https://www.macrumors.com/2020/12/28/apple-student-mentorship-program/,Positive
2020-12-28 23:10,www.cnet.com,https://www.cnet.com/news/the-best-after-christmas-deals-you-can-get-right-now-save-100-on-a-75-inch-roku-tv-60-on-a-apple-watch-series-6-and-more/,Positive
2020-12-28 23:10,9to5mac.com,https://9to5mac.com/2020/12/28/covid-19-vaccination-proof-can-be-added-to-apple-wallet-in-los-angeles/,Slightly Positive
2020-12-28 22:10,www.thestreet.com,https://www.thestreet.com/investing/best-stocks-in-the-dow-on-monday-apple-disney-visa-goldman,Positive
2020-12-28 22:10,www.investors.com,https://www.investors.com/market-trend/stock-market-today/dow-jones-futures-stock-market-rally-apple-amazon-google-lead/,Slightly Positive
2020-12-28 22:10,finance.yahoo.com,https://finance.yahoo.com/news/apple-leads-big-tech-stocks-164508492.html,Positive
2020-12-28 22:10,www.marketwatch.com,https://www.marketwatch.com/story/apple-inc-stock-outperforms-competitors-on-strong-trading-day-01609191042-c5c565fc4c05,Positive
2020-12-28 22:10,www.thestreet.com,https://www.thestreet.com/investing/stocks-rise-as-trump-signs-covid-19-spending-bill,Slightly Positive
2020-12-28 22:10,9to5mac.com,https://9to5mac.com/2020/12/28/best-apple-watch-apps-2/,Slightly Positive
2020-12-29 00:55,www.macrumors.com,https://www.macrumors.com/2020/12/28/homepod-mini-update-adds-18w-charger-support/,Slightly Positive
2020-12-29 00:55,www.macrumors.com,https://www.macrumors.com/2020/12/28/apple-student-mentorship-program/,Positive
2020-12-28 22:55,9to5mac.com,https://9to5mac.com/2020/12/28/covid-19-vaccination-proof-can-be-added-to-apple-wallet-in-los-angeles/,Slightly Positive
2020-12-28 22:55,www.thestreet.com,https://www.thestreet.com/investing/best-stocks-in-the-dow-on-monday-apple-disney-visa-goldman,Positive
2020-12-28 22:55,www.investors.com,https://www.investors.com/market-trend/stock-market-today/dow-jones-futures-stock-market-rally-apple-amazon-google-lead/,Slightly Positive
2020-12-28 21:55,finance.yahoo.com,https://finance.yahoo.com/news/apple-leads-big-tech-stocks-164508492.html,Strongly Positive
2020-12-28 21:55,www.marketwatch.com,https://www.marketwatch.com/story/apple-inc-stock-outperforms-competitors-on-strong-trading-day-01609191042-c5c565fc4c05,Positive
2020-12-28 21:55,9to5mac.com,https://9to5mac.com/2020/12/28/best-apple-watch-apps-2/,Slightly Positive
2020-12-28 21:55,www.thestreet.com,https://www.thestreet.com/investing/stocks-rise-as-trump-signs-covid-19-spending-bill,Slightly Positive
2020-12-29 00:40,www.macrumors.com,https://www.macrumors.com/2020/12/28/homepod-mini-update-adds-18w-charger-support/,Slightly Positive
2020-12-29 00:40,www.macrumors.com,https://www.macrumors.com/2020/12/28/apple-student-mentorship-program/,Positive
2020-12-28 22:40,9to5mac.com,https://9to5mac.com/2020/12/28/covid-19-vaccination-proof-can-be-added-to-apple-wallet-in-los-angeles/,Slightly Positive
2020-12-28 22:40,www.thestreet.com,https://www.thestreet.com/investing/best-stocks-in-the-dow-on-monday-apple-disney-visa-goldman,Positive
2020-12-28 22:40,www.investors.com,https://www.investors.com/market-trend/stock-market-today/dow-jones-futures-stock-market-rally-apple-amazon-google-lead/,Slightly Positive
2020-12-28 21:40,finance.yahoo.com,https://finance.yahoo.com/news/apple-leads-big-tech-stocks-164508492.html,Strongly Positive
2020-12-28 21:40,www.marketwatch.com,https://www.marketwatch.com/story/apple-inc-stock-outperforms-competitors-on-strong-trading-day-01609191042-c5c565fc4c05,Positive
2020-12-28 21:40,9to5mac.com,https://9to5mac.com/2020/12/28/best-apple-watch-apps-2/,Slightly Positive
2020-12-28 21:40,www.thestreet.com,https://www.thestreet.com/investing/stocks-rise-as-trump-signs-covid-19-spending-bill,Slightly Positive
2020-12-29 02:05,www.macrumors.com,https://www.macrumors.com/2020/12/28/apple-wallet-covid-vaccination-record/,Positive
2020-12-29 01:25,www.macrumors.com,https://www.macrumors.com/2020/12/28/homepod-mini-update-adds-18w-charger-support/,Slightly Positive
2020-12-29 00:25,www.macrumors.com,https://www.macrumors.com/2020/12/28/apple-student-mentorship-program/,Positive
2020-12-28 22:25,9to5mac.com,https://9to5mac.com/2020/12/28/covid-19-vaccination-proof-can-be-added-to-apple-wallet-in-los-angeles/,Slightly Positive
2020-12-28 22:25,www.investors.com,https://www.investors.com/market-trend/stock-market-today/dow-jones-futures-stock-market-rally-apple-amazon-google-lead/,Slightly Positive
2020-12-28 22:25,www.yahoo.com,https://www.yahoo.com/lifestyle/best-tech-year-end-deals-213448050.html,Positive
2020-12-28 22:25,finance.yahoo.com,https://finance.yahoo.com/news/apple-leads-big-tech-stocks-164508492.html,Strongly Positive
2020-12-28 22:25,www.marketwatch.com,https://www.marketwatch.com/story/apple-inc-stock-outperforms-competitors-on-strong-trading-day-01609191042-c5c565fc4c05,Positive
2020-12-28 22:25,9to5mac.com,https://9to5mac.com/2020/12/28/best-apple-watch-apps-2/,Slightly Positive
2020-12-29 01:10,www.macrumors.com,https://www.macrumors.com/2020/12/28/homepod-mini-update-adds-18w-charger-support/,Slightly Positive
2020-12-29 00:10,www.macrumors.com,https://www.macrumors.com/2020/12/28/apple-student-mentorship-program/,Positive
2020-12-28 23:10,9to5mac.com,https://9to5mac.com/2020/12/28/covid-19-vaccination-proof-can-be-added-to-apple-wallet-in-los-angeles/,Slightly Positive
2020-12-28 22:10,www.investors.com,https://www.investors.com/market-trend/stock-market-today/dow-jones-futures-stock-market-rally-apple-amazon-google-lead/,Slightly Positive
2020-12-28 22:10,www.yahoo.com,https://www.yahoo.com/lifestyle/best-tech-year-end-deals-213448050.html,Positive
2020-12-28 22:10,finance.yahoo.com,https://finance.yahoo.com/news/apple-leads-big-tech-stocks-164508492.html,Strongly Positive
2020-12-28 22:10,www.marketwatch.com,https://www.marketwatch.com/story/apple-inc-stock-outperforms-competitors-on-strong-trading-day-01609191042-c5c565fc4c05,Positive
2020-12-28 22:10,9to5mac.com,https://9to5mac.com/2020/12/28/best-apple-watch-apps-2/,Slightly Positive
2020-12-28 22:10,www.thestreet.com,https://www.thestreet.com/investing/stocks-rise-as-trump-signs-covid-19-spending-bill,Slightly Positive
2020-12-29 00:55,www.macrumors.com,https://www.macrumors.com/2020/12/28/homepod-mini-update-adds-18w-charger-support/,Slightly Positive
2020-12-29 00:55,www.macrumors.com,https://www.macrumors.com/2020/12/28/apple-student-mentorship-program/,Positive
2020-12-28 22:55,9to5mac.com,https://9to5mac.com/2020/12/28/covid-19-vaccination-proof-can-be-added-to-apple-wallet-in-los-angeles/,Slightly Positive
2020-12-28 22:55,www.investors.com,https://www.investors.com/market-trend/stock-market-today/dow-jones-futures-stock-market-rally-apple-amazon-google-lead/,Slightly Positive
2020-12-28 21:55,www.yahoo.com,https://www.yahoo.com/lifestyle/best-tech-year-end-deals-213448050.html,Positive
2020-12-28 21:55,finance.yahoo.com,https://finance.yahoo.com/news/apple-leads-big-tech-stocks-164508492.html,Strongly Positive
2020-12-28 21:55,9to5mac.com,https://9to5mac.com/2020/12/28/best-apple-watch-apps-2/,Slightly Positive
2020-12-28 21:55,www.thestreet.com,https://www.thestreet.com/investing/stocks-rise-as-trump-signs-covid-19-spending-bill,Slightly Positive
2020-12-28 20:55,9to5mac.com,https://9to5mac.com/2020/12/28/9to5mac-daily-december-28-2020/,Positive
2020-12-28 20:55,www.engadget.com,https://www.engadget.com/launch-at-apple-mentorship-203354977.html,Strongly Positive
2020-12-29 00:40,www.macrumors.com,https://www.macrumors.com/2020/12/28/homepod-mini-update-adds-18w-charger-support/,Slightly Positive
2020-12-29 00:40,www.macrumors.com,https://www.macrumors.com/2020/12/28/apple-student-mentorship-program/,Positive
2020-12-28 22:40,9to5mac.com,https://9to5mac.com/2020/12/28/covid-19-vaccination-proof-can-be-added-to-apple-wallet-in-los-angeles/,Slightly Positive
2020-12-28 22:40,www.investors.com,https://www.investors.com/market-trend/stock-market-today/dow-jones-futures-stock-market-rally-apple-amazon-google-lead/,Slightly Positive
2020-12-28 21:40,www.yahoo.com,https://www.yahoo.com/lifestyle/best-tech-year-end-deals-213448050.html,Positive
2020-12-28 21:40,finance.yahoo.com,https://finance.yahoo.com/news/apple-leads-big-tech-stocks-164508492.html,Strongly Positive
2020-12-28 21:40,9to5mac.com,https://9to5mac.com/2020/12/28/best-apple-watch-apps-2/,Slightly Positive
2020-12-28 21:40,www.thestreet.com,https://www.thestreet.com/investing/stocks-rise-as-trump-signs-covid-19-spending-bill,Slightly Positive
2020-12-28 21:40,9to5mac.com,https://9to5mac.com/2020/12/28/9to5mac-daily-december-28-2020/,Positive
2020-12-29 00:27,www.macrumors.com,https://www.macrumors.com/2020/12/28/homepod-mini-update-adds-18w-charger-support/,Slightly Positive
2020-12-29 00:25,www.macrumors.com,https://www.macrumors.com/2020/12/28/apple-student-mentorship-program/,Positive
2020-12-28 22:25,9to5mac.com,https://9to5mac.com/2020/12/28/covid-19-vaccination-proof-can-be-added-to-apple-wallet-in-los-angeles/,Slightly Positive
2020-12-28 22:25,www.investors.com,https://www.investors.com/market-trend/stock-market-today/dow-jones-futures-stock-market-rally-apple-amazon-google-lead/,Slightly Positive
2020-12-28 22:25,www.yahoo.com,https://www.yahoo.com/lifestyle/best-tech-year-end-deals-213448050.html,Positive
2020-12-28 22:25,finance.yahoo.com,https://finance.yahoo.com/news/apple-leads-big-tech-stocks-164508492.html,Strongly Positive
2020-12-28 21:25,www.thestreet.com,https://www.thestreet.com/investing/stocks-rise-as-trump-signs-covid-19-spending-bill,Slightly Positive
2020-12-28 21:25,9to5mac.com,https://9to5mac.com/2020/12/28/best-apple-watch-apps-2/,Slightly Positive
2020-12-28 21:25,9to5mac.com,https://9to5mac.com/2020/12/28/9to5mac-daily-december-28-2020/,Positive
2020-12-29 00:27,www.macrumors.com,https://www.macrumors.com/2020/12/28/homepod-mini-update-adds-18w-charger-support/,Slightly Positive
2020-12-29 00:10,www.macrumors.com,https://www.macrumors.com/2020/12/28/apple-student-mentorship-program/,Positive
2020-12-28 23:10,9to5mac.com,https://9to5mac.com/2020/12/28/covid-19-vaccination-proof-can-be-added-to-apple-wallet-in-los-angeles/,Slightly Positive
2020-12-28 22:10,www.investors.com,https://www.investors.com/market-trend/stock-market-today/dow-jones-futures-stock-market-rally-apple-amazon-google-lead/,Slightly Positive
2020-12-28 22:10,www.yahoo.com,https://www.yahoo.com/lifestyle/best-tech-year-end-deals-213448050.html,Positive
2020-12-28 22:10,finance.yahoo.com,https://finance.yahoo.com/news/apple-leads-big-tech-stocks-164508492.html,Strongly Positive
2020-12-28 22:10,9to5mac.com,https://9to5mac.com/2020/12/28/best-apple-watch-apps-2/,Slightly Positive
2020-12-28 21:10,9to5mac.com,https://9to5mac.com/2020/12/28/9to5mac-daily-december-28-2020/,Positive
2020-12-28 21:10,www.engadget.com,https://www.engadget.com/launch-at-apple-mentorship-203354977.html,Strongly Positive
2020-12-29 00:27,www.macrumors.com,https://www.macrumors.com/2020/12/28/homepod-mini-update-adds-18w-charger-support/,Slightly Positive
2020-12-29 00:07,www.macrumors.com,https://www.macrumors.com/2020/12/28/apple-student-mentorship-program/,Positive
2020-12-28 22:55,9to5mac.com,https://9to5mac.com/2020/12/28/covid-19-vaccination-proof-can-be-added-to-apple-wallet-in-los-angeles/,Slightly Positive
2020-12-28 21:55,www.yahoo.com,https://www.yahoo.com/lifestyle/best-tech-year-end-deals-213448050.html,Positive
2020-12-28 21:55,finance.yahoo.com,https://finance.yahoo.com/news/apple-leads-big-tech-stocks-164508492.html,Strongly Positive
2020-12-28 21:55,9to5mac.com,https://9to5mac.com/2020/12/28/best-apple-watch-apps-2/,Slightly Positive
2020-12-28 20:55,9to5mac.com,https://9to5mac.com/2020/12/28/9to5mac-daily-december-28-2020/,Positive
2020-12-28 20:55,www.engadget.com,https://www.engadget.com/launch-at-apple-mentorship-203354977.html,Strongly Positive
2020-12-28 20:55,9to5mac.com,https://9to5mac.com/2020/12/28/apple-hearing-study-bug-data/,Positive
2020-12-29 00:27,www.macrumors.com,https://www.macrumors.com/2020/12/28/homepod-mini-update-adds-18w-charger-support/,Slightly Positive
2020-12-29 00:07,www.macrumors.com,https://www.macrumors.com/2020/12/28/apple-student-mentorship-program/,Positive
2020-12-28 22:40,9to5mac.com,https://9to5mac.com/2020/12/28/covid-19-vaccination-proof-can-be-added-to-apple-wallet-in-los-angeles/,Slightly Positive
2020-12-28 21:40,www.yahoo.com,https://www.yahoo.com/lifestyle/best-tech-year-end-deals-213448050.html,Positive
2020-12-28 21:40,9to5mac.com,https://9to5mac.com/2020/12/28/best-apple-watch-apps-2/,Slightly Positive
2020-12-28 21:40,9to5mac.com,https://9to5mac.com/2020/12/28/9to5mac-daily-december-28-2020/,Positive
2020-12-28 20:40,www.engadget.com,https://www.engadget.com/launch-at-apple-mentorship-203354977.html,Strongly Positive
2020-12-28 20:40,9to5mac.com,https://9to5mac.com/2020/12/28/apple-hearing-study-bug-data/,Positive
2020-12-28 20:40,www.macrumors.com,https://www.macrumors.com/2020/12/28/apple-wallet-covid-vaccination-record/,Positive
2020-12-29 00:12,www.macrumors.com,https://www.macrumors.com/2020/12/28/apple-hearing-study-accidental-data-collection/,Positive
2020-12-28 22:25,www.investors.com,https://www.investors.com/market-trend/stock-market-today/dow-jones-futures-stock-market-rally-apple-amazon-google-lead/,Slightly Positive
2020-12-28 22:25,www.yahoo.com,https://www.yahoo.com/lifestyle/best-tech-year-end-deals-213448050.html,Positive
2020-12-28 22:25,finance.yahoo.com,https://finance.yahoo.com/news/apple-leads-big-tech-stocks-164508492.html,Strongly Positive
2020-12-28 21:25,9to5mac.com,https://9to5mac.com/2020/12/28/best-apple-watch-apps-2/,Slightly Positive
2020-12-28 21:25,9to5mac.com,https://9to5mac.com/2020/12/28/9to5mac-daily-december-28-2020/,Positive
2020-12-28 21:25,www.engadget.com,https://www.engadget.com/launch-at-apple-mentorship-203354977.html,Strongly Positive
2020-12-28 21:25,9to5mac.com,https://9to5mac.com/2020/12/28/apple-hearing-study-bug-data/,Positive
2020-12-28 19:25,9to5mac.com,https://9to5mac.com/2020/12/28/best-magsafe-combo-charger/,Strongly Positive
2020-12-28 22:10,www.investors.com,https://www.investors.com/market-trend/stock-market-today/dow-jones-futures-stock-market-rally-apple-amazon-google-lead/,Slightly Positive
2020-12-28 22:10,www.yahoo.com,https://www.yahoo.com/lifestyle/best-tech-year-end-deals-213448050.html,Positive
2020-12-28 22:10,finance.yahoo.com,https://finance.yahoo.com/news/apple-leads-big-tech-stocks-164508492.html,Strongly Positive
2020-12-28 22:10,www.marketwatch.com,https://www.marketwatch.com/story/apple-inc-stock-outperforms-competitors-on-strong-trading-day-01609191042-c5c565fc4c05,Positive
2020-12-28 22:10,9to5mac.com,https://9to5mac.com/2020/12/28/best-apple-watch-apps-2/,Slightly Positive
2020-12-28 21:10,9to5mac.com,https://9to5mac.com/2020/12/28/9to5mac-daily-december-28-2020/,Positive
2020-12-28 21:10,9to5mac.com,https://9to5mac.com/2020/12/28/apple-hearing-study-bug-data/,Positive
2020-12-28 21:10,www.myrecordjournal.com,https://www.myrecordjournal.com/News/Southington/Southington-News/Apple-Harvest-Festival-remains-hopeful-for-2021.html,Positive
2020-12-28 20:10,9to5mac.com,https://9to5mac.com/2020/12/28/best-magsafe-combo-charger/,Strongly Positive
